index,threshold
SVC,-0.72253
RFC_rec,0.037116424
RFC_pre,0.463991477
NB,0.99999978
LogReg_rec,0.078755421
LogReg_pre,0.454512245
LinearSVC_rec,-0.826677218
LinearSVC_pre,-0.188254312
