,False,True,accuracy,macro avg,weighted avg
precision,0.9172159240706564,0.0,0.9172159240706564,0.4586079620353282,0.8412850513687883
recall,1.0,0.0,0.9172159240706564,0.5,0.9172159240706564
f1-score,0.9568206820682067,0.0,0.9172159240706564,0.47841034103410335,0.877611166073106
support,3479.0,314.0,0.9172159240706564,3793.0,3793.0
