,False,True,accuracy,macro avg,weighted avg
precision,0.9256974248927039,0.5692307692307692,0.9195887160558924,0.7474640970617366,0.8961876622041072
recall,0.9919517102615694,0.1178343949044586,0.9195887160558924,0.554893052583014,0.9195887160558924
f1-score,0.9576800333009574,0.19525065963060687,0.9195887160558924,0.5764653464657822,0.8945630221402693
support,3479.0,314.0,0.9195887160558924,3793.0,3793.0
