,False,True,accuracy,macro avg,weighted avg
precision,0.9255888650963597,0.631578947368421,0.9211705773793831,0.7785839062323904,0.90124952574319
recall,0.993963782696177,0.11464968152866242,0.9211705773793831,0.5543067321124198,0.9211705773793831
f1-score,0.9585585585585584,0.1940700808625337,0.9211705773793831,0.576314319710546,0.8952710863738624
support,3479.0,314.0,0.9211705773793831,3793.0,3793.0
