,False,True,accuracy,macro avg,weighted avg
precision,0.9278600269179004,0.5897435897435898,0.920906933825468,0.7588018083307451,0.8998693701099032
recall,0.9908019545846508,0.1464968152866242,0.920906933825468,0.5686493849356375,0.920906933825468
f1-score,0.9582985821517931,0.23469387755102042,0.920906933825468,0.5964962298514067,0.8983956353432925
support,3479.0,314.0,0.920906933825468,3793.0,3793.0
