,False,True,accuracy,macro avg,weighted avg
precision,0.9223976451699224,0.42857142857142855,0.9151067756393356,0.6754845368706754,0.8815166981591321
recall,0.9908019545846508,0.07643312101910828,0.9151067756393356,0.5336175378018796,0.9151067756393356
f1-score,0.9553769401330378,0.1297297297297297,0.9151067756393356,0.5425533349313837,0.8870264987761597
support,3479.0,314.0,0.9151067756393356,3793.0,3793.0
