,False,True,accuracy,macro avg,weighted avg
precision,0.9251148959178156,0.39361702127659576,0.9119430529923543,0.6593659585972057,0.8811153355072322
recall,0.9836159816039092,0.1178343949044586,0.9119430529923543,0.5507251882541839,0.9119430529923543
f1-score,0.953468932850376,0.18137254901960784,0.9119430529923543,0.567420740934992,0.8895516471865581
support,3479.0,314.0,0.9119430529923543,3793.0,3793.0
