,False,True,accuracy,macro avg,weighted avg
precision,0.9289176090468497,0.6329113924050633,0.9227524387028737,0.7809145007259566,0.9044130079328184
recall,0.9916642713423397,0.1592356687898089,0.9227524387028737,0.5754499700660743,0.9227524387028737
f1-score,0.9592659530098706,0.2544529262086514,0.9227524387028737,0.606859439609261,0.900918657883168
support,3479.0,314.0,0.9227524387028737,3793.0,3793.0
