,False,True,accuracy,macro avg,weighted avg
precision,0.9245333333333333,0.7209302325581395,0.9222251515950435,0.8227317829457363,0.9076782387793099
recall,0.996550732969244,0.09872611464968153,0.9222251515950435,0.5476384238094628,0.9222251515950435
f1-score,0.9591921427583345,0.17366946778711487,0.9222251515950435,0.5664308052727247,0.894163373989296
support,3479.0,314.0,0.9222251515950435,3793.0,3793.0
