,False,True,accuracy,macro avg,weighted avg
precision,0.928957320367369,0.5604395604395604,0.9201160031637227,0.7446984404034647,0.8984499181481937
recall,0.9885024432308135,0.1624203821656051,0.9201160031637227,0.5754614126982093,0.9201160031637227
f1-score,0.9578053195933715,0.2518518518518519,0.9201160031637227,0.6048285857226117,0.8993636141172742
support,3479.0,314.0,0.9201160031637227,3793.0,3793.0
